Workbook

Sheet Проценка
B2: Артикул | C2: Номенклатура | D2: Бренд | E2: Цена | F2: Min Цена | G2: Поставщик | H2: Количество | I2: Уценка согл. | J2: Нов цена-4%
A3: 1 | B3: 9046709050 | C3: Клипса крепления шумоизоляции капота | D3: TOYOTA | E3: 35 | F3: 16 | G3: www.avtoformula.ru | H3: 140 | J3: 35.35 | K3: =J3-E3 -> 0.35 | O3: ТТС Челны УК Склад Центральный склад Челны (осн)
A4: 2 | B4: 3C0853586 | C4: Насадка | D4: VAG | E4: 35 | F4: 10.46 | G4: etp.armtek.ru лег. | H4: 2 | I4: =VLOOKUP(B4,[1]Лист2!$A:$J,10,0) -> 6.895 | J4: 25 | K4: =J4-E4 -> -10 | O4: ТТС Челны УК Склад Центральный склад Челны (осн)
A5: 3 | B5: 3G8853996 3Q7 | C5: Накладка порога кузова задняя правая | D5: VAG | E5: 978 | F5: 1617.22 | G5: autoeuro.ru | H5: 3 | J5: 1552.5312 | K5: =J5-E5 -> 574.5312 | O5: ТТС Челны УК Склад Центральный склад Челны (осн)
A6: 4 | B6: 6Q0810680C | C6: Кронштейн крыла | D6: VAG | E6: 550 | F6: 583 | G6: www.avtoformula.ru | H6: 1 | J6: 559.68 | K6: =J6-E6 -> 9.68 | O6: ТТС Челны УК Склад Центральный склад Челны (осн)
A7: 5 | B7: LR137782 | C7: Кронштейн КреплениЯ Бампера | D7: LANDROVER | E7: 814 | F7: 1418.77 | G7: autoeuro.ru | H7: 3 | J7: 1362.0192 | K7: =J7-E7 -> 548.0192 | O7: ТТС Челны УК Склад Центральный склад Челны (осн)
A8: 6 | B8: 86110F1060 | C8: Стекло лобовое | D8: HYUNDAI/KIA | E8: 59000 | F8: 67450.95 | G8: autoeuro.ru | H8: 10 | J8: 63753 | K8: =J8-E8 -> 4753 | O8: ТТС Челны УК Склад Центральный склад Челны (осн)
A9: 7 | B9: 51119853927 | C9: Решетка переднего бампера | D9: BMW | E9: 18198 | F9: 12787 | G9: www.avtoformula.ru | H9: 1 | I9: =VLOOKUP(B9,[1]Лист2!$A:$J,10,0) -> 13003.97 | J9: 13134.01 | K9: =J9-E9 -> -5063.9903 | O9: ТТС Челны УК Склад Центральный склад Челны (осн)
A10: 8 | B10: 6113320XKV3AA | C10: Накладка стойки двери передней правой | D10: GREAT WALL | E10: 11145 | F10: 7434 | G10: www.avtoformula.ru | H10: 1 | J10: 11256.45 | K10: =J10-E10 -> 111.45 | O10: ТТС Челны УК Склад Центральный склад Челны (осн)
A11: 9 | B11: 61280SJ020 | C11: МОЛДИНГ ДВЕРИ | D11: SUBARU | E11: 6507 | F11: 9326 | G11: www.avtoformula.ru | H11: 1 | I11: =VLOOKUP(B11,[1]Лист2!$A:$J,10,0) -> 4695.495 | J11: 8952.96 | K11: =J11-E11 -> 2445.96 | O11: ТТС Челны УК Склад Центральный склад Челны (осн)
A12: 10 | B12: 638A06958R | C12: Проставка крыло-стойка пер прав | D12: RENAULT | E12: 2352 | F12: 565 | G12: www.avtoformula.ru | H12: 1 | I12: =VLOOKUP(B12,[1]Лист2!$A:$J,10,0) -> 1226.325 | J12: 1238.5883 | K12: =J12-E12 -> -1113.4117 | O12: ТТС Челны УК Склад Центральный склад Челны (осн)
A13: 11 | B13: 86110D7060 | C13: Стекло лобовое | D13: HYUNDAI/KIA | E13: 52000 | F13: 33587 | G13: www.avtoformula.ru | H13: 1 | I13: =VLOOKUP(B13,[1]Лист2!$A:$J,10,0) -> 42509.645 | J13: 42934.741 | K13: =J13-E13 -> -9065.2586 | O13: ТТС Челны УК Склад Центральный склад Челны (осн)
A14: 12 | B14: 86111C5AL0 | C14: Стекло ветровое | D14: HYUNDAI/KIA | E14: 130000 | F14: 110535.23 | G14: autoeuro.ru | H14: 3 | I14: =VLOOKUP(B14,[1]Лист2!$A:$J,10,0) -> 103587.52 | J14: 106113.82 | K14: =J14-E14 -> -23886.179 | O14: ТТС Челны УК Склад Центральный склад Челны (осн)
A15: 13 | B15: 87722N9000CA | C15: Молдинг передней правой двери нижний | D15: HYUNDAI/KIA | E15: 7162 | F15: 5137 | G15: www.avtoformula.ru | H15: 1 | J15: 7233.62 | K15: =J15-E15 -> 71.62 | O15: ТТС Челны УК Склад Центральный склад Челны (осн)
A16: 14 | B16: S203F2713011000 | C16: Бампер передний, нижняя часть | D16: CHANGAN | E16: 14302 | F16: 2131 | G16: www.avtoformula.ru | H16: 1 | J16: 14445.02 | K16: =J16-E16 -> 143.02 | O16: ТТС Челны УК Склад Центральный склад Челны (осн)
A17: 15 | B17: 265855178R | C17: Фонарь противотуманный задний левый | D17: RENAULT | E17: 1263 | F17: 2026 | G17: www.avtoformula.ru | H17: 16 | I17: =VLOOKUP(B17,[1]Лист2!$A:$J,10,0) -> 2448.71 | J17: 2473.1971 | K17: =J17-E17 -> 1210.1971 | O17: ТТС Челны УК Склад Центральный склад Челны (осн)
A18: 16 | B18: 265855178R | C18: Фонарь противотуманный задний левый | D18: RENAULT | E18: 3874 | F18: 2026 | G18: www.avtoformula.ru | H18: 7 | I18: =VLOOKUP(B18,[1]Лист2!$A:$J,10,0) -> 2448.71 | J18: 2473.1971 | K18: =J18-E18 -> -1400.8029 | O18: ТТС Челны УК Склад Центральный склад Челны (осн)
A19: 17 | B19: 5202302170 | C19: УСИЛИТЕЛЬ БАМПЕРА | D19: TOYOTA | E19: 9699 | F19: 9140 | G19: www.avtoformula.ru | H19: 1 | J19: 9795.99 | K19: =J19-E19 -> 96.99 | O19: ТТС Челны УК Склад Центральный склад Челны (осн)
A20: 18 | B20: 565807393 | C20: Кронштейн лев. | D20: VAG | E20: 1029 | F20: 1373 | G20: www.avtoformula.ru | H20: 1 | J20: 1318.08 | K20: =J20-E20 -> 289.08 | O20: ТТС Челны УК Склад Центральный склад Челны (осн)
A21: 19 | B21: 565807394 | C21: Направляющий профиль | D21: VAG | E21: 1035 | F21: 1373 | G21: www.avtoformula.ru | H21: 3 | J21: 1318.08 | K21: =J21-E21 -> 283.08 | O21: ТТС Челны УК Склад Центральный склад Челны (осн)
A22: 20 | B22: 565807394B | C22: Направляющий профиль Задний фонарь D - 23.01.2017>> | D22: VAG | E22: 1031 | F22: 1395 | G22: www.avtoformula.ru | H22: 4 | J22: 1339.2 | K22: =J22-E22 -> 308.2 | O22: ТТС Челны УК Склад Центральный склад Челны (осн)
A23: 21 | B23: 62280SG021 | C23: Молдинг двери задний правый | D23: SUBARU | E23: 3731 | F23: 9086 | G23: www.avtoformula.ru | H23: 1 | J23: 4850 | K23: =J23-E23 -> 1119 | O23: ТТС Челны УК Склад Центральный склад Челны (осн)
A24: 22 | B24: 7816AGNHMVWZ6TFYG | C24: Стекло лобовое Skoda Octavia A7 | D24: FYG | E24: 12894 | F24: 12894 | H24: 1 | J24: 13022.94 | K24: =J24-E24 -> 128.94 | O24: ТТС Челны УК Склад Центральный склад Челны (осн)
A25: 23 | B25: 7P6854661D 041 | C25: Pешетка радиатора | D25: VAG | E25: 13887 | F25: 14759 | G25: www.avtoformula.ru | H25: 1 | J25: 14168.64 | K25: =J25-E25 -> 281.64 | O25: ТТС Челны УК Склад Центральный склад Челны (осн)
A26: 24 | B26: LR058484 | C26: Накладка задней левой двери | D26: LANDROVER | E26: 3011 | F26: 3011 | H26: 1 | J26: 3041.11 | K26: =J26-E26 -> 30.11 | O26: ТТС Челны УК Склад Центральный склад Челны (осн)
A27: 25 | B27: LR061729 | C27: Наружная арка зад. левая | D27: LANDROVER | E27: 22197 | F27: 1937 | G27: www.avtoformula.ru | H27: 1 | I27: =VLOOKUP(B27,[1]Лист2!$A:$J,10,0) -> 2923.48 | J27: 10589 | K27: =J27-E27 -> -11608 | O27: ТТС Челны УК Склад Центральный склад Челны (осн)
A28: 26 | B28: LR086060 | C28: Лобовое стекло с обогревом | D28: LANDROVER | E28: 62461 | F28: 91713 | G28: www.avtoformula.ru | H28: 1 | J28: 75500 | K28: =J28-E28 -> 13039 | O28: ТТС Челны УК Склад Центральный склад Челны (осн)
A29: 27 | B29: LR099300 | C29: Боковая решетка бампера RH | D29: LANDROVER | E29: 11846 | F29: 19314.41 | G29: autoeuro.ru | H29: 1 | J29: 14520 | K29: =J29-E29 -> 2674 | O29: ТТС Челны УК Склад Центральный склад Челны (осн)
A30: 28 | B30: LR099329 | C30: Крышка Форсунки Омывателя ЛЕВАЯ | D30: LANDROVER | E30: 1135 | F30: 1787 | G30: www.avtoformula.ru | H30: 2 | J30: 1715.52 | K30: =J30-E30 -> 580.52 | O30: ТТС Челны УК Склад Центральный склад Челны (осн)
A31: 29 | B31: LR100545 | C31: Переднее левое крыло | D31: LANDROVER | E31: 39967 | F31: 39967 | H31: 2 | J31: 40366.67 | K31: =J31-E31 -> 399.67 | O31: ТТС Челны УК Склад Центральный склад Челны (осн)
A32: 30 | B32: LR117396 | C32: Верхн. кронштейн крепления бампера | D32: LANDROVER | E32: 5955 | F32: 9698.43 | G32: autoeuro.ru | H32: 2 | J32: 6950 | K32: =J32-E32 -> 995 | O32: ТТС Челны УК Склад Центральный склад Челны (осн)
A33: 31 | B33: LR148258 | C33: ЛОКЕР КОЛЕСНОЙ АРКИ | D33: LANDROVER | E33: 10055 | F33: 28817 | G33: www.avtoformula.ru | H33: 3 | J33: 27664.32 | K33: =J33-E33 -> 17609.32 | O33: ТТС Челны УК Склад Центральный склад Челны (осн)
A34: 32 | B34: TK4851W60F | C34: НАКЛАДКА ПЛАСТИКОВАЯ КОЛЕСНОЙ АРКИ CX-9'2017/18 | D34: Mazda | E34: 19257 | F34: 8535 | G34: www.avtoformula.ru | H34: 1 | J34: 19449.57 | K34: =J34-E34 -> 192.57 | O34: ТТС Челны УК Склад Центральный склад Челны (осн)
A35: 33 | B35: 11180840339500 | C35: Усилитель брызговика левый | D35: LADA | E35: 783 | F35: 648 | G35: www.avtoformula.ru | H35: 1 | J35: 790.83 | K35: =J35-E35 -> 7.83 | O35: УКТТС Казань Склад Центральный склад Казань (осн) Тихорецкая
A36: 34 | B36: 2803720U2400 | C36: Кронштейн бампера правый | D36: JAC | E36: 341 | F36: 236 | G36: www.avtoformula.ru | H36: 1 | J36: 344.41 | K36: =J36-E36 -> 3.41 | O36: УКТТС Казань Склад Центральный склад Казань (осн) Тихорецкая
A37: 35 | B37: 5022035800 | C37: Уплотнитель панели воздухозаборника | D37: GEELY | E37: 1038 | F37: 363 | G37: www.avtoformula.ru | H37: 1 | J37: 1048.38 | K37: =J37-E37 -> 10.38 | O37: УКТТС Казань Склад Центральный склад Казань (осн) Тихорецкая
A38: 36 | B38: 602000037AA | C38: БРЫЗГОВИК ЗАДНИЙ ЛЕВЫЙ T18/T1A/T1D | D38: LANDROVER | E38: 310 | F38: 389 | G38: www.avtoformula.ru | H38: 1 | J38: 373.44 | K38: =J38-E38 -> 63.44 | O38: УКТТС Казань Склад Центральный склад Казань (осн) Тихорецкая
A39: 37 | B39: 8200700969 | C39: Фиксатор переднего бампера | D39: RENAULT | E39: 158 | F39: 33.82 | G39: etp.armtek.ru лег. | H39: 4 | J39: 159.58 | K39: =J39-E39 -> 1.58 | O39: УКТТС Казань Склад Центральный склад Казань (осн) Тихорецкая
A40: 38 | B40: 8450007743 | C40: Ручка передней двери внутренняя правая в сборе | D40: LADA | E40: 396 | F40: 246 | G40: www.avtoformula.ru | H40: 1 | J40: 399.96 | K40: =J40-E40 -> 3.96 | O40: УКТТС Казань Склад Центральный склад Казань (осн) Тихорецкая
A41: 39 | B41: 9046709050 | C41: Клипса крепления шумоизоляции капота | D41: TOYOTA | E41: 35 | F41: 16 | G41: www.avtoformula.ru | H41: 20 | J41: 35.35 | K41: =J41-E41 -> 0.35 | O41: УКТТС Казань Склад Центральный склад Казань (осн) Тихорецкая
A42: 40 | B42: 96231209 | C42: Стекло зеркала ВАЗ-2123 Н/О правое (корпус ИПРОСС) обогрев круг.м.редуктор ERGON | D42: Ergon | E42: 796 | F42: 606 | G42: www.avtoformula.ru | H42: 1 | J42: 803.96 | K42: =J42-E42 -> 7.96 | O42: УКТТС Казань Склад Центральный склад Казань (осн) Тихорецкая
A43: 41 | B43: KB7W52420 | C43: ПЕТЛЯ КАПОТА | D43: Mazda | E43: 1147 | F43: 1277 | G43: www.avtoformula.ru | H43: 1 | J43: 1225.92 | K43: =J43-E43 -> 78.92 | O43: УКТТС Казань Склад Центральный склад Казань (осн) Тихорецкая
A44: 42 | B44: 7147468919 | C44: Зажим | D44: BMW | E44: 95 | F44: 108 | G44: www.avtoformula.ru | H44: 2 | I44: =VLOOKUP(B44,[1]Лист2!$A:$J,10,0) -> 80.77 | J44: 103.68 | K44: =J44-E44 -> 8.68 | O44: УКТТС Казань Склад Центральный склад Казань (осн) Тихорецкая
A45: 43 | B45: 1067002040 | C45: КАТАФОТ ЗАДНЕГО БАМПЕРА ЛЕВЫЙ | D45: GEELY | E45: 132 | F45: 131 | G45: www.avtoformula.ru | H45: 1 | I45: =VLOOKUP(B45,[1]Лист2!$A:$J,10,0) -> 126.08 | J45: 127.3408 | K45: =J45-E45 -> -4.6592 | O45: УКТТС Казань Склад Центральный склад Казань (осн) Тихорецкая
A46: 44 | B46: 1107426 | C46: ФИКСАТОР СИДЕНЬЯ | D46: FORD | E46: 373 | F46: 556 | G46: www.avtoformula.ru | H46: 1 | J46: 533.76 | K46: =J46-E46 -> 160.76 | O46: УКТТС Казань Склад Центральный склад Казань (осн) Тихорецкая
A47: 45 | B47: 13258165 | C47: Петля двери задка л/с | D47: GENERAL MOTORS | E47: 921 | F47: 1363 | G47: www.avtoformula.ru | H47: 1 | I47: =VLOOKUP(B47,[1]Лист2!$A:$J,10,0) -> 151.69 | J47: 1308.48 | K47: =J47-E47 -> 387.48 | O47: УКТТС Казань Склад Центральный склад Казань (осн) Тихорецкая
A48: 46 | B48: 1437706 | C48: УПЛОТНИТЕЛЬ | D48: FORD | E48: 209 | F48: 64 | G48: www.avtoformula.ru | H48: 1 | I48: =VLOOKUP(B48,[1]Лист2!$A:$J,10,0) -> 58.115 | J48: 61.44 | K48: =J48-E48 -> -147.56 | O48: УКТТС Казань Склад Центральный склад Казань (осн) Тихорецкая
A49: 47 | B49: 1737071 | C49: РАМА ЗАДНЕГО ОКНА | D49: FORD | E49: 381 | F49: 477 | G49: www.avtoformula.ru | H49: 1 | J49: 457.92 | K49: =J49-E49 -> 76.92 | O49: УКТТС Казань Склад Центральный склад Казань (осн) Тихорецкая
A50: 48 | B50: 1737071 | C50: РАМА ЗАДНЕГО ОКНА | D50: FORD | E50: 382 | F50: 477 | G50: www.avtoformula.ru | H50: 1 | J50: 457.92 | K50: =J50-E50 -> 75.92 | O50: УКТТС Казань Склад Центральный склад Казань (осн) Тихорецкая
A51: 49 | B51: 1850195 | C51: ПОДУШКА ПЕРЕДНЕГО БАМПЕРА ПРОТИВОСКРИПНАЯ | D51: FORD | E51: 210 | F51: 267 | G51: www.avtoformula.ru | H51: 1 | J51: 256.32 | K51: =J51-E51 -> 46.32 | O51: УКТТС Казань Склад Центральный склад Казань (осн) Тихорецкая
A52: 50 | B52: 1C0867207 | C52: Зажим | D52: VAG | E52: 10 | F52: 20.64 | G52: b2b.autorus.ru | H52: 1 | J52: 19.8144 | K52: =J52-E52 -> 9.8144 | O52: УКТТС Казань Склад Центральный склад Казань (осн) Тихорецкая
A53: 51 | B53: 1H0823717 | C53: Зажим | D53: VAG | E53: 18 | F53: 21 | G53: www.avtoformula.ru | H53: 2 | I53: =VLOOKUP(B53,[1]Лист2!$A:$J,10,0) -> 4.925 | J53: 20.16 | K53: =J53-E53 -> 2.16 | O53: УКТТС Казань Склад Центральный склад Казань (осн) Тихорецкая
A54: 52 | B54: 1H0867199A 01C | C54: Зажим | D54: VAG | E54: 84 | F54: 52 | G54: www.avtoformula.ru | H54: 3 | I54: =VLOOKUP(B54,[1]Лист2!$A:$J,10,0) -> 37.43 | J54: 49.92 | K54: =J54-E54 -> -34.08 | O54: УКТТС Казань Склад Центральный склад Казань (осн) Тихорецкая
A55: 53 | B55: 1J0827713 | C55: Клипса-заглушка | D55: VAG | E55: 18 | F55: 7.02 | G55: etp.armtek.ru лег. | H55: 1 | I55: =VLOOKUP(B55,[1]Лист2!$A:$J,10,0) -> 4.925 | J55: 10 | K55: =J55-E55 -> -8 | O55: УКТТС Казань Склад Центральный склад Казань (осн) Тихорецкая
A56: 54 | B56: 1J0827713 | C56: Клипса-заглушка | D56: VAG | E56: 9 | F56: 7.02 | G56: etp.armtek.ru лег. | H56: 3 | I56: =VLOOKUP(B56,[1]Лист2!$A:$J,10,0) -> 4.925 | J56: 6.7392 | K56: =J56-E56 -> -2.2608 | O56: УКТТС Казань Склад Центральный склад Казань (осн) Тихорецкая
A57: 55 | B57: 1K0804094A | C57: Кронштейн задней спинки сиденья правый | D57: VAG | E57: 247 | F57: 297 | G57: www.avtoformula.ru | H57: 3 | J57: 285.12 | K57: =J57-E57 -> 38.12 | O57: УКТТС Казань Склад Центральный склад Казань (осн) Тихорецкая
A58: 56 | B58: 1K0899184 | C58: Заглушка | D58: VAG | E58: 10 | F58: 17.43 | G58: b2b.autorus.ru | H58: 1 | J58: 16.7328 | K58: =J58-E58 -> 6.7328 | O58: УКТТС Казань Склад Центральный склад Казань (осн) Тихорецкая
A59: 57 | B59: 1K5804796 | C59: Усилитель заднего лонжерона поперечный правый | D59: VAG | E59: 564 | F59: 595.58 | G59: www.part-kom.ru | H59: 1 | J59: 571.7568 | K59: =J59-E59 -> 7.7568 | O59: УКТТС Казань Склад Центральный склад Казань (осн) Тихорецкая
A60: 58 | B60: 1K5831299J | C60: Планка передней левой двери задняя | D60: VAG | E60: 795 | F60: 941 | G60: www.avtoformula.ru | H60: 1 | J60: 903.36 | K60: =J60-E60 -> 108.36 | O60: УКТТС Казань Склад Центральный склад Казань (осн) Тихорецкая
A61: 59 | B61: 1K8837087B | C61: Подкладка | D61: VAG | E61: 38 | F61: 97.93 | G61: etp.armtek.ru лег. | H61: 12 | I61: =VLOOKUP(B61,[1]Лист2!$A:$J,10,0) -> 38.415 | J61: 94.0128 | K61: =J61-E61 -> 56.0128 | O61: УКТТС Казань Склад Центральный склад Казань (осн) Тихорецкая
A62: 60 | B62: 1K8837087B | C62: Подкладка | D62: VAG | E62: 113 | F62: 97.93 | G62: etp.armtek.ru лег. | H62: 24 | I62: =VLOOKUP(B62,[1]Лист2!$A:$J,10,0) -> 38.415 | J62: 94.0128 | K62: =J62-E62 -> -18.9872 | O62: УКТТС Казань Склад Центральный склад Казань (осн) Тихорецкая
A63: 61 | B63: 1Q0825750A | C63: Заглушка | D63: VAG | E63: 26 | F63: 32 | G63: www.avtoformula.ru | H63: 21 | I63: =VLOOKUP(B63,[1]Лист2!$A:$J,10,0) -> 24.625 | J63: 30.72 | K63: =J63-E63 -> 4.72 | O63: УКТТС Казань Склад Центральный склад Казань (осн) Тихорецкая
A64: 62 | B64: 1T0971843A | C64: Кронштейн | D64: VAG | E64: 199 | F64: 242 | G64: www.avtoformula.ru | H64: 1 | J64: 232.32 | K64: =J64-E64 -> 33.32 | O64: УКТТС Казань Склад Центральный склад Казань (осн) Тихорецкая
A65: 63 | B65: 21101110428640 | C65: Облицовка защитная | D65: LADA | E65: 4 | F65: 3.11 | G65: etp.armtek.ru лег. | H65: 1 | I65: =VLOOKUP(B65,[1]Лист2!$A:$J,10,0) -> 2.955 | J65: 4 | K65: =J65-E65 -> 0 | O65: УКТТС Казань Склад Центральный склад Казань (осн) Тихорецкая
A66: 64 | B66: 21179114403400 | C66: Вставка | D66: LADA | E66: 7 | F66: 10 | G66: www.avtoformula.ru | H66: 1 | I66: =VLOOKUP(B66,[1]Лист2!$A:$J,10,0) -> 3.94 | J66: 9.6 | K66: =J66-E66 -> 2.6 | O66: УКТТС Казань Склад Центральный склад Казань (осн) Тихорецкая
A67: 65 | B67: 212303721290550 | C67: Кронштейн облицовки радиатора | D67: GM-AVTOVAZ | E67: 39 | F67: 39 | H67: 1 | J67: 39.39 | K67: =J67-E67 -> 0.39 | O67: УКТТС Казань Склад Центральный склад Казань (осн) Тихорецкая
A68: 66 | B68: 21900840351200 | C68: Фартук переднего крыла правый | D68: LADA | E68: 78 | F68: 114 | G68: www.avtoformula.ru | H68: 1 | J68: 109.44 | K68: =J68-E68 -> 31.44 | O68: УКТТС Казань Склад Центральный склад Казань (осн) Тихорецкая
A69: 67 | B69: 21910840407500 | C69: УСИЛИТЕЛЬ ЗАДНЕГО КРЫЛА ЛЕВЫЙ | D69: LADA | E69: 335 | F69: 85 | G69: www.avtoformula.ru | H69: 1 | I69: =VLOOKUP(B69,[1]Лист2!$A:$J,10,0) -> 90.62 | J69: 91.5262 | K69: =J69-E69 -> -243.4738 | O69: УКТТС Казань Склад Центральный склад Казань (осн) Тихорецкая
A70: 68 | B70: 21918201232 | C70: Накладка корпуса наружного зеркала | D70: LADA | E70: 365 | F70: 340 | G70: www.avtoformula.ru | H70: 1 | I70: =VLOOKUP(B70,[1]Лист2!$A:$J,10,0) -> 292.545 | J70: 326.4 | K70: =J70-E70 -> -38.6 | O70: УКТТС Казань Склад Центральный склад Казань (осн) Тихорецкая
A71: 69 | B71: 27055101108 | C71: ПОПЕРЕЧИНА ОСНОВАНИЯ ЗАДН | D71: GAZ | E71: 600 | F71: 861 | G71: www.avtoformula.ru | H71: 1 | J71: 826.56 | K71: =J71-E71 -> 226.56 | O71: УКТТС Казань Склад Центральный склад Казань (осн) Тихорецкая
A72: 70 | B72: 282289482R | C72: Крышка антенны | D72: RENAULT | E72: 719 | F72: 785 | G72: www.avtoformula.ru | H72: 2 | J72: 753.6 | K72: =J72-E72 -> 34.6 | O72: УКТТС Казань Склад Центральный склад Казань (осн) Тихорецкая
A73: 71 | B73: 282289482R | C73: Крышка антенны | D73: RENAULT | E73: 719 | F73: 785 | G73: www.avtoformula.ru | H73: 1 | J73: 753.6 | K73: =J73-E73 -> 34.6 | O73: УКТТС Казань Склад Центральный склад Казань (осн) Тихорецкая
A74: 72 | B74: 282289482R | C74: Крышка антенны | D74: RENAULT | E74: 719 | F74: 785 | G74: www.avtoformula.ru | H74: 1 | J74: 753.6 | K74: =J74-E74 -> 34.6 | O74: УКТТС Казань Склад Центральный склад Казань (осн) Тихорецкая
A75: 73 | B75: 282289482R | C75: Крышка антенны | D75: RENAULT | E75: 719 | F75: 785 | G75: www.avtoformula.ru | H75: 1 | J75: 753.6 | K75: =J75-E75 -> 34.6 | O75: УКТТС Казань Склад Центральный склад Казань (осн) Тихорецкая
A76: 74 | B76: 282289482R | C76: Крышка антенны | D76: RENAULT | E76: 719 | F76: 785 | G76: www.avtoformula.ru | H76: 1 | J76: 753.6 | K76: =J76-E76 -> 34.6 | O76: УКТТС Казань Склад Центральный склад Казань (осн) Тихорецкая
A77: 75 | B77: 282289482R | C77: Крышка антенны | D77: RENAULT | E77: 762 | F77: 785 | G77: www.avtoformula.ru | H77: 2 | J77: 769.62 | K77: =J77-E77 -> 7.62 | O77: УКТТС Казань Склад Центральный склад Казань (осн) Тихорецкая
A78: 76 | B78: 282289482R | C78: Крышка антенны | D78: RENAULT | E78: 719 | F78: 785 | G78: www.avtoformula.ru | H78: 1 | J78: 753.6 | K78: =J78-E78 -> 34.6 | O78: УКТТС Казань Склад Центральный склад Казань (осн) Тихорецкая
A79: 77 | B79: 2H0837722 | C79: Заглушка | D79: VAG | E79: 30 | F79: 16.8 | G79: b2b.autorus.ru | H79: 1 | I79: =VLOOKUP(B79,[1]Лист2!$A:$J,10,0) -> 16.745 | J79: 21 | K79: =J79-E79 -> -9 | O79: УКТТС Казань Склад Центральный склад Казань (осн) Тихорецкая
A80: 78 | B80: 2H6805179 | C80: Втулка | D80: VAG | E80: 53 | F80: 50 | G80: www.avtoformula.ru | H80: 4 | I80: =VLOOKUP(B80,[1]Лист2!$A:$J,10,0) -> 44.325 | J80: 48 | K80: =J80-E80 -> -5 | O80: УКТТС Казань Склад Центральный склад Казань (осн) Тихорецкая
A81: 79 | B81: 2H6853037 9B9 | C81: Накладка | D81: VAG | E81: 541 | F81: 643 | G81: www.avtoformula.ru | H81: 1 | J81: 617.28 | K81: =J81-E81 -> 76.28 | O81: УКТТС Казань Склад Центральный склад Казань (осн) Тихорецкая
A82: 80 | B82: 2H6853038 9B9 | C82: Накладка | D82: VAG | E82: 541 | F82: 643 | G82: www.avtoformula.ru | H82: 1 | J82: 617.28 | K82: =J82-E82 -> 76.28 | O82: УКТТС Казань Склад Центральный склад Казань (осн) Тихорецкая
A83: 81 | B83: 2H6860565D | C83: Кронштейн левый | D83: VAG | E83: 471 | F83: 180 | G83: www.avtoformula.ru | H83: 1 | I83: =VLOOKUP(B83,[1]Лист2!$A:$J,10,0) -> 177.3 | J83: 179.073 | K83: =J83-E83 -> -291.927 | O83: УКТТС Казань Склад Центральный склад Казань (осн) Тихорецкая
A84: 82 | B84: 2H6860565E | C84: Кронштейн правый | D84: VAG | E84: 471 | F84: 179 | G84: www.avtoformula.ru | H84: 1 | I84: =VLOOKUP(B84,[1]Лист2!$A:$J,10,0) -> 177.3 | J84: 179.073 | K84: =J84-E84 -> -291.927 | O84: УКТТС Казань Склад Центральный склад Казань (осн) Тихорецкая
A85: 83 | B85: 2H6860985 | C85: Пластина | D85: VAG | E85: 913 | F85: 1079 | G85: www.avtoformula.ru | H85: 2 | J85: 1035.84 | K85: =J85-E85 -> 122.84 | O85: УКТТС Казань Склад Центральный склад Казань (осн) Тихорецкая
A86: 84 | B86: 31652 | C86: Амортизатор багажника и капота FEBI | D86: Febi | E86: 642 | F86: 1099.98 | G86: autoeuro.ru | H86: 1 | J86: 1055.9808 | K86: =J86-E86 -> 413.9808 | O86: УКТТС Казань Склад Центральный склад Казань (осн) Тихорецкая
A87: 85 | B87: 33700933 | C87: Указатель поворота на зеркало прав. | D87: TYC | E87: 761 | F87: 825 | G87: www.avtoformula.ru | H87: 1 | J87: 792 | K87: =J87-E87 -> 31 | O87: УКТТС Казань Склад Центральный склад Казань (осн) Тихорецкая
A88: 86 | B88: 388VWL106 | C88: Повторитель поворота в зеркало левый VOLKSWAGEN GOLF PASSAT SUPERB 388VWL106 | D88: TYG | E88: 431 | F88: 642 | G88: www.avtoformula.ru | H88: 1 | J88: 616.32 | K88: =J88-E88 -> 185.32 | O88: УКТТС Казань Склад Центральный склад Казань (осн) Тихорецкая
A89: 87 | B89: 3AA863545 | C89: Лист шумоизоляционный самоклеющийся | D89: VAG | E89: 379 | F89: 453 | G89: www.avtoformula.ru | H89: 1 | J89: 434.88 | K89: =J89-E89 -> 55.88 | O89: УКТТС Казань Склад Центральный склад Казань (осн) Тихорецкая
A90: 88 | B90: 3C0810379 | C90: Кронштейн | D90: VAG | E90: 407 | F90: 120 | G90: www.avtoformula.ru | H90: 1 | I90: =VLOOKUP(B90,[1]Лист2!$A:$J,10,0) -> 99.485 | J90: 115.2 | K90: =J90-E90 -> -291.8 | O90: УКТТС Казань Склад Центральный склад Казань (осн) Тихорецкая
A91: 89 | B91: 3C0853586 | C91: Насадка | D91: VAG | E91: 65 | F91: 10.46 | G91: etp.armtek.ru лег. | H91: 6 | I91: =VLOOKUP(B91,[1]Лист2!$A:$J,10,0) -> 6.895 | J91: 10.0416 | K91: =J91-E91 -> -54.9584 | O91: УКТТС Казань Склад Центральный склад Казань (осн) Тихорецкая
A92: 90 | B92: 3C8919493D | C92: Кронштейн датчика слева спереди | D92: VAG | E92: 435 | F92: 443 | G92: www.avtoformula.ru | H92: 1 | J92: 439.35 | K92: =J92-E92 -> 4.35 | O92: УКТТС Казань Склад Центральный склад Казань (осн) Тихорецкая
A93: 91 | B93: 3C8919493D | C93: Кронштейн датчика слева спереди | D93: VAG | E93: 435 | F93: 443 | G93: www.avtoformula.ru | H93: 1 | J93: 439.35 | K93: =J93-E93 -> 4.35 | O93: УКТТС Казань Склад Центральный склад Казань (осн) Тихорецкая
A94: 92 | B94: 3D0955160C | C94: Кронштейн | D94: VAG | E94: 30 | F94: 30 | G94: www.avtoformula.ru | H94: 9 | I94: =VLOOKUP(B94,[1]Лист2!$A:$J,10,0) -> 16.745 | J94: 28.8 | K94: =J94-E94 -> -1.2 | O94: УКТТС Казань Склад Центральный склад Казань (осн) Тихорецкая
A95: 93 | B95: 403000735AA | C95: НАКЛАДКА ПЕРЕДНЕЙ ЛЕВОЙ ДВЕРИ ПЛАСТ. T1C | D95: CHERY | E95: 416 | F95: 339.46 | G95: www.part-kom.ru | H95: 1 | J95: 420.16 | K95: =J95-E95 -> 4.16 | O95: УКТТС Казань Склад Центральный склад Казань (осн) Тихорецкая
A96: 94 | B96: 4A0867276B | C96: Зажим | D96: VAG | E96: 86 | F96: 10.83 | G96: etp.armtek.ru лег. | H96: 3 | I96: =VLOOKUP(B96,[1]Лист2!$A:$J,10,0) -> 7.88 | J96: 70 | K96: =J96-E96 -> -16 | O96: УКТТС Казань Склад Центральный склад Казань (осн) Тихорецкая
A97: 95 | B97: 4A0867276B | C97: Зажим | D97: VAG | E97: 43 | F97: 10.83 | G97: etp.armtek.ru лег. | H97: 1 | I97: =VLOOKUP(B97,[1]Лист2!$A:$J,10,0) -> 7.88 | J97: 10.3968 | K97: =J97-E97 -> -32.6032 | O97: УКТТС Казань Склад Центральный склад Казань (осн) Тихорецкая
A98: 96 | B98: 4F0823402C | C98: Кронштейн газового упора | D98: VAG | E98: 497 | F98: 591 | G98: www.avtoformula.ru | H98: 1 | J98: 567.36 | K98: =J98-E98 -> 70.36 | O98: УКТТС Казань Склад Центральный склад Казань (осн) Тихорецкая
A99: 97 | B99: 4M0864123A4PK | C99: Накладка | D99: VAG | E99: 183 | F99: 223 | G99: www.avtoformula.ru | H99: 1 | J99: 214.08 | K99: =J99-E99 -> 31.08 | O99: УКТТС Казань Склад Центральный склад Казань (осн) Тихорецкая
A100: 98 | B100: 51337329754 | C100: Уплотнитель треуг.накл.зеркала П Наруж | D100: BMW | E100: 174 | F100: 157 | G100: www.avtoformula.ru | H100: 1 | J100: 175.74 | K100: =J100-E100 -> 1.74 | O100: УКТТС Казань Склад Центральный склад Казань (осн) Тихорецкая
A101: 99 | B101: 51447124904 | C101: Накладка потолка Зд | D101: BMW | E101: 911 | F101: 1125 | G101: www.avtoformula.ru | H101: 1 | J101: 1080 | K101: =J101-E101 -> 169 | O101: УКТТС Казань Склад Центральный склад Казань (осн) Тихорецкая
...
